[
  {
    "line": 1,
    "elements": [
      {
        "line": 3,
        "name": "Sign Up scenario",
        "description": "",
        "id": "sign-up;sign-up-scenario",
        "type": "scenario",
        "keyword": "Scenario",
        "steps": [
          {
            "result": {
              "duration": 17554572140,
              "status": "passed"
            },
            "line": 4,
            "name": "User is on Application Home Page",
            "match": {
              "location": "SignUp.user_is_on_Application_Home_Page()"
            },
            "keyword": "Given "
          },
          {
            "result": {
              "duration": 8437900,
              "status": "passed"
            },
            "line": 5,
            "name": "Application Page Title is PHP Travels",
            "match": {
              "location": "SignUp.application_Page_Title_is_PHP_Travels()"
            },
            "keyword": "When "
          },
          {
            "result": {
              "duration": 182581400,
              "status": "passed"
            },
            "line": 6,
            "name": "user clicks on MY ACCOUNT",
            "match": {
              "location": "SignUp.user_clicks_on_MY_ACCOUNT()"
            },
            "keyword": "Then "
          },
          {
            "result": {
              "duration": 2834673200,
              "status": "passed"
            },
            "line": 7,
            "name": "user clicks on Sign Up option",
            "match": {
              "location": "SignUp.user_clicks_on_Sign_Up_option()"
            },
            "keyword": "And "
          },
          {
            "result": {
              "duration": 40631200,
              "status": "passed"
            },
            "line": 8,
            "name": "User navigate to Sign Up page",
            "match": {
              "location": "SignUp.user_navigate_to_Sign_Up_page()"
            },
            "keyword": "When "
          },
          {
            "result": {
              "duration": 1537124800,
              "status": "passed"
            },
            "line": 9,
            "name": "user enters personal data and the entered values are validated",
            "match": {
              "location": "SignUp.user_enters_personal_data(DataTable)"
            },
            "rows": [
              {
                "cells": [
                  "Surya",
                  "Kiran",
                  "9632587415",
                  "854530@cts.com",
                  "abcdef.123",
                  "abcdef.123"
                ],
                "line": 10
              }
            ],
            "keyword": "Then "
          },
          {
            "result": {
              "duration": 132584400,
              "status": "passed"
            },
            "line": 12,
            "name": "click on Sign Up button",
            "match": {
              "location": "SignUp.click_on_Sign_Up_button()"
            },
            "keyword": "Then "
          },
          {
            "result": {
              "duration": 351203800,
              "status": "passed"
            },
            "line": 13,
            "name": "Close the Browser",
            "match": {
              "location": "SignUp.close_the_Browser()"
            },
            "keyword": "Then "
          }
        ]
      }
    ],
    "name": "Sign Up",
    "description": "",
    "id": "sign-up",
    "keyword": "Feature",
    "uri": "src/main/java/Features/SignUp.feature"
  }
]